<core:FragmentDefinition xmlns:core="sap.ui.core" xmlns="sap.m" xmlns:macros="sap.fe.macros">
		 <mvc:View id="_IDGenView1"
	
	xmlns:mvc="sap.ui.core.mvc"
	displayBlock="true"
	xmlns="sap.m"
	xmlns:upload="sap.m.upload"
>
	
				<upload:UploadSet
					id="uploadSet"
					core:require="{ handler: 'businesshiringui/ext/fragment/Upload_File_Fragment'}"
					instantUpload="false"
					uploadEnabled="true"
					afterItemAdded="handler.onAfterItemAdded"
                    uploadCompleted="handler.onUploadCompleted" 
					beforeItemRemoved="handler.onBeforeItemRemoved" 
					afterItemRemoved="handler.afterItemRemoved"
					
					items="{
								path: 'ClgToFile',
								parameters: {
									$orderby: 'createdAt desc'
								},
								templateShareable: false}"
				>
					
					<upload:items>
						<upload:UploadSetItem id="_IDGenUploadSetItem1"
							fileName="{fileName}"
							mediaType="{mediaType}"
							url="{url}"
							enabledEdit="false"
							visibleEdit="false"
							openPressed="handler.onOpenPressed"

						>
							<upload:attributes>
								<ObjectAttribute id="_IDGenObjectAttribute1"
									title="Uploaded By"
									text="{createdBy}"
									active="false"
								/>
								<ObjectAttribute id="_IDGenObjectAttribute2"
									title="Uploaded on"
									text="{createdAt}"
									active="false"
								/>
								<ObjectAttribute id="_IDGenObjectAttribute3"
									title="File Size"
									text="{size}"
									active="false"
								/>
							</upload:attributes>
						</upload:UploadSetItem>
					</upload:items>
				</upload:UploadSet>
			
</mvc:View>
			
		 
	
</core:FragmentDefinition>