{
  "ext/fragment/Upload_File_Fragment.js.map": 1725431161269,
  "ext/fragment/Upload_File_Fragment.js": 1725344860804,
  "ext/controller/Univ_hiring_list.controller.js": 1724828606018,
  "ext/controller/Object_of_Univ.controller.js": 1724835886604,
  "manifest.json": 1725431161124,
  "Component.js": 1723374376774,
  "Component-dbg.js": 1723374376774,
  "Component.js.map": 1725431161256,
  "ext/controller/Univ_hiring_list-dbg.controller.js": 1724828606018,
  "ext/controller/Univ_hiring_list.controller.js.map": 1725431161269,
  "ext/controller/Object_of_Univ-dbg.controller.js": 1724835886604,
  "ext/controller/Object_of_Univ.controller.js.map": 1725431161274,
  "ext/fragment/Upload_File_Fragment-dbg.js": 1725344860804,
  "i18n/i18n.properties": 1723558808214,
  "Component-preload.js": 1725431161364,
  "Component-preload.js.map": 1725431161364,
  "ext/fragment/Upload_File_Fragment.fragment.xml": 1724653189842,
  "index.html": 1723374376774
}