{
  "ext/controller/Department_hiring_list.controller.js": 1724348733687,
  "manifest.json": 1725431163647,
  "i18n/i18n.properties": 1723789062332,
  "ext/controller/List_dept.controller.js": 1724742696412,
  "Component.js": 1723789043744,
  "ext/controller/Department_hiring_list-dbg.controller.js": 1724348733687,
  "ext/controller/Department_hiring_list.controller.js.map": 1725431163782,
  "ext/controller/List_dept-dbg.controller.js": 1724742696412,
  "ext/controller/List_dept.controller.js.map": 1725431163783,
  "Component-dbg.js": 1723789043744,
  "Component.js.map": 1725431163768,
  "Component-preload.js": 1725431163851,
  "Component-preload.js.map": 1725431163851,
  "index.html": 1724836943688
}